{
  "features/10071597_change_request_type_on_request.feature": 12.997999668121338,
  "features/10076399_bug_cluster_formation_not_display_volume_and_read_lengths.feature": 26.097999811172485,
  "features/10450017_show_fail_link_for_cluster_formation.feature": 8.123000144958496,
  "features/10681975_remove_barcode_from_asset_show_page.feature": 0.6160001754760742,
  "features/10808245_cherrypick_stock.feature": 46.507999897003174,
  "features/11803383_bug_NPG_batch_state_released.feature": 1.440000057220459,
  "features/25197557_illumina_c_multiplexed_inbox.feature": 4.871000051498413,
  "features/3550676_search_functionality.feature": 3.2320001125335693,
  "features/3673146_tables_with_multiple_criteria.feature": 4.526000022888184,
  "features/4696931_move_samples_from_plates_to_tubes.feature": 4.759999990463257,
  "features/5255557_add_BAM_to_study.feature": 2.4140000343322754,
  "features/53788839_pre_cap_pool_test.feature": 10.541999816894531,
  "features/5393882_spiked_in_control.feature": 15.071000099182129,
  "features/5976844_add_question_on_study_for_ethical_approvals.feature": 12.171000242233276,
  "features/6040471_truncate_sample_name_barcode.feature": 8.59500002861023,
  "features/6048016_correct_bug_qc_state_scannedintolab.feature": 2.3499999046325684,
  "features/6218053_display_concentration_inbox_pipeline.feature": 1.8420000076293945,
  "features/641709_create_duplicate_SE_pipeline_with_no_controls.feature": 4.1540000438690186,
  "features/7711055_new_request_links_broken.feature": 140.21100044250488,
  "features/8666889_remove_study_abbr_from_label.feature": 5.000999927520752,
  "features/administration/11184645_faculty_sponsor_management.feature": 8.053999900817871,
  "features/administration/13325113_information_box.feature": 0.8570001125335693,
  "features/administration/26913815_add_bait_library_editor_to_admin_view.feature": 7.858999729156494,
  "features/administration/71118369_reference_genome_admin_interface.feature": 2.2760000228881836,
  "features/administration/admin_barcode_printer.feature": 0.5290000438690186,
  "features/administration/custom_text_administration.feature": 1.8490002155303955,
  "features/administration/plate_purpose.feature": 1.6120002269744873,
  "features/administration/robots.feature": 0.5409998893737793,
  "features/administration/study_administration.feature": 6.236999988555908,
  "features/administration/user_administration.feature": 13.620999813079834,
  "features/api/asset_audits.feature": 1.3840000629425049,
  "features/api/asset_groups.feature": 0.27500009536743164,
  "features/api/assets.feature": 0.1640000343322754,
  "features/api/barcode_printers.feature": 0.4119999408721924,
  "features/api/batches.feature": 1.0129997730255127,
  "features/api/bulk_transfers.feature": 5.572000026702881,
  "features/api/custom_metadatum_collections.feature": 0.9690001010894775,
  "features/api/dilution_plate_purposes.feature": 6.115999937057495,
  "features/api/illumina_b/bottom_of_the_pipeline.feature": 57.04900002479553,
  "features/api/illumina_b/split_pipeline_tube_name.feature": 12.70199990272522,
  "features/api/illumina_b/stock_plate_state.feature": 56.52799987792969,
  "features/api/illumina_b/top_of_the_pipeline.feature": 37.97800016403198,
  "features/api/index_tag_layout_templates.feature": 6.489000082015991,
  "features/api/library_creation_requests.feature": 0.9710001945495605,
  "features/api/library_events.feature": 1.7400000095367432,
  "features/api/multiplexed_library_creation_requests.feature": 0.7899999618530273,
  "features/api/multiplexed_library_tubes.feature": 0.6660001277923584,
  "features/api/npg/11438075_request_xml_exception_on_nil_study.feature": 1.0940001010894775,
  "features/api/npg/5600990_npg_xml_asset_qc_state.feature": 3.006999969482422,
  "features/api/object_service.feature": 3.931999921798706,
  "features/api/order_templates.feature": 3.5349998474121094,
  "features/api/pipelines.feature": 5.49399995803833,
  "features/api/plate_creations.feature": 20.89900016784668,
  "features/api/plate_purposes.feature": 6.864000082015991,
  "features/api/plates.feature": 0.36499977111816406,
  "features/api/projects.feature": 0.18199992179870605,
  "features/api/pulldown/bait_library_assignment.feature": 46.74500012397766,
  "features/api/pulldown/bottom_of_the_pipeline.feature": 196.72099995613098,
  "features/api/pulldown/custom_pooling.feature": 1.125999927520752,
  "features/api/pulldown/stock_plate_state.feature": 97.73100018501282,
  "features/api/pulldown/submissions.feature": 118.82099962234497,
  "features/api/pulldown/tagging_a_plate.feature": 34.23299980163574,
  "features/api/pulldown/top_of_the_pipeline.feature": 99.9670000076294,
  "features/api/qc_files.feature": 1.1679999828338623,
  "features/api/reference_genomes.feature": 0.44700026512145996,
  "features/api/request_types.feature": 1.7650001049041748,
  "features/api/requests.feature": 2.8299999237060547,
  "features/api/root.feature": 0.26799988746643066,
  "features/api/sample_manifests/mx_library_tubes.feature": 2.631999969482422,
  "features/api/sample_manifests/plates.feature": 29.902000188827515,
  "features/api/sample_manifests/sample_tubes.feature": 1.130000114440918,
  "features/api/sample_manifests/updating_through_manifest.feature": 2.559999942779541,
  "features/api/sample_tubes.feature": 0.40200018882751465,
  "features/api/samples.feature": 0.45799970626831055,
  "features/api/searches.feature": 0.0970001220703125,
  "features/api/searches/find_asset_by_barcode.feature": 1.2379999160766602,
  "features/api/searches/find_illumina_b_plates.feature": 77.32800006866455,
  "features/api/searches/find_illumina_b_tubes.feature": 9.259000062942505,
  "features/api/searches/find_lot_by_batch_id.feature": 8.17199993133545,
  "features/api/searches/find_lot_by_lot_number.feature": 0.315000057220459,
  "features/api/searches/find_outstanding_illumina_b_pre_pcr.feature": 6.230000019073486,
  "features/api/searches/find_plates_for_user.feature": 13.003999948501587,
  "features/api/searches/find_project_study_sample_by_name.feature": 0.8339998722076416,
  "features/api/searches/find_pulldown_plates.feature": 74.14699983596802,
  "features/api/searches/find_qcables_by_barcode.feature": 5.456000089645386,
  "features/api/searches/find_robots_by_barcode.feature": 0.3209998607635498,
  "features/api/searches/find_source_assets_by_destination_asset_barcode.feature": 0.7150001525878906,
  "features/api/searches/find_user_by_login.feature": 0.4569997787475586,
  "features/api/searches/find_user_by_swipcard_code.feature": 0.17799997329711914,
  "features/api/sequencing_requests.feature": 0.5600001811981201,
  "features/api/state_changes.feature": 82.72900056838989,
  "features/api/studies.feature": 0.22600007057189941,
  "features/api/submission_pool.feature": 4.30899977684021,
  "features/api/suppliers.feature": 0.10399985313415527,
  "features/api/tag_layout_templates.feature": 130.62299990653992,
  "features/api/tag_layouts.feature": 86.20099997520447,
  "features/api/tag_qc/lot_types.feature": 0.4350001811981201,
  "features/api/tag_qc/lots.feature": 1.7940001487731934,
  "features/api/tag_qc/plate_conversion.feature": 3.111999988555908,
  "features/api/tag_qc/qc_decision.feature": 3.125999927520752,
  "features/api/tag_qc/qcable_order.feature": 8.003000020980835,
  "features/api/tag_qc/robots.feature": 0.2980000972747803,
  "features/api/tag_qc/stamps.feature": 3.7229998111724854,
  "features/api/tag_qc/state_change.feature": 4.0329999923706055,
  "features/api/transfer_templates.feature": 9.271999835968018,
  "features/api/transfers.feature": 2.0920000076293945,
  "features/api/tube_creations.feature": 115.07200002670288,
  "features/api/uk10k/full_work_through.feature": 2.3600001335144043,
  "features/api/uk10k/orders.feature": 27.28600025177002,
  "features/api/uk10k/submissions.feature": 6.5909998416900635,
  "features/api/users.feature": 0.5949997901916504,