{
  "features/10071597_change_request_type_on_request.feature": 30.62399983406067,
  "features/10076399_bug_cluster_formation_not_display_volume_and_read_lengths.feature": 74.45899963378906,
  "features/10450017_show_fail_link_for_cluster_formation.feature": 9.613999843597412,
  "features/10681975_remove_barcode_from_asset_show_page.feature": 1.3359999656677246,
  "features/10808245_cherrypick_stock.feature": 40.72699999809265,
  "features/11803383_bug_NPG_batch_state_released.feature": 2.2790000438690186,
  "features/25197557_illumina_c_multiplexed_inbox.feature": 7.953999996185303,
  "features/3550676_search_functionality.feature": 5.059000492095947,
  "features/3673146_tables_with_multiple_criteria.feature": 17.355000019073486,
  "features/4696931_move_samples_from_plates_to_tubes.feature": 8.400000095367432,
  "features/5255557_add_BAM_to_study.feature": 5.414000034332275,
  "features/53788839_pre_cap_pool_test.feature": 19.524999856948853,
  "features/5393882_spiked_in_control.feature": 42.98300004005432,
  "features/5976844_add_question_on_study_for_ethical_approvals.feature": 19.277000188827515,
  "features/6040471_truncate_sample_name_barcode.feature": 15.21399998664856,
  "features/6048016_correct_bug_qc_state_scannedintolab.feature": 4.493000268936157,
  "features/6218053_display_concentration_inbox_pipeline.feature": 2.805999994277954,
  "features/641709_create_duplicate_SE_pipeline_with_no_controls.feature": 5.986999988555908,
  "features/7711055_new_request_links_broken.feature": 176.53899931907654,
  "features/8666889_remove_study_abbr_from_label.feature": 1.7409999370574951,
  "features/administration/11184645_faculty_sponsor_management.feature": 24.476999759674072,
  "features/administration/13325113_information_box.feature": 5.830000162124634,
  "features/administration/26913815_add_bait_library_editor_to_admin_view.feature": 26.912999629974365,
  "features/administration/71118369_reference_genome_admin_interface.feature": 9.2669997215271,
  "features/administration/admin_barcode_printer.feature": 1.182999849319458,
  "features/administration/custom_text_administration.feature": 2.743999719619751,
  "features/administration/plate_purpose.feature": 2.7330002784729004,
  "features/administration/robots.feature": 1.1679999828338623,
  "features/administration/study_administration.feature": 9.039999961853027,
  "features/administration/user_administration.feature": 23.57799983024597,
  "features/api/asset_audits.feature": 2.0419998168945312,
  "features/api/asset_groups.feature": 0.3510000705718994,
  "features/api/assets.feature": 0.8269999027252197,
  "features/api/barcode_printers.feature": 0.5430002212524414,
  "features/api/batches.feature": 1.2330000400543213,
  "features/api/bulk_transfers.feature": 9.890999794006348,
  "features/api/custom_metadatum_collections.feature": 1.2620000839233398,
  "features/api/dilution_plate_purposes.feature": 3.7879998683929443,
  "features/api/illumina_b/bottom_of_the_pipeline.feature": 69.32400012016296,
  "features/api/illumina_b/split_pipeline_tube_name.feature": 12.967000007629395,
  "features/api/illumina_b/stock_plate_state.feature": 60.25999999046326,
  "features/api/illumina_b/top_of_the_pipeline.feature": 45.66700005531311,
  "features/api/index_tag_layout_templates.feature": 8.455999851226807,
  "features/api/library_creation_requests.feature": 1.2189998626708984,
  "features/api/library_events.feature": 2.504999876022339,
  "features/api/multiplexed_library_creation_requests.feature": 1.2089998722076416,
  "features/api/multiplexed_library_tubes.feature": 1.0079998970031738,
  "features/api/npg/11438075_request_xml_exception_on_nil_study.feature": 2.0959999561309814,
  "features/api/npg/5600990_npg_xml_asset_qc_state.feature": 3.0289998054504395,
  "features/api/object_service.feature": 13.050000667572021,
  "features/api/order_templates.feature": 5.538999795913696,
  "features/api/pipelines.feature": 8.474999904632568,
  "features/api/plate_creations.feature": 21.764999866485596,
  "features/api/plate_purposes.feature": 10.10200023651123,
  "features/api/plates.feature": 0.44900012016296387,
  "features/api/projects.feature": 0.43899989128112793,
  "features/api/pulldown/bait_library_assignment.feature": 70.22200012207031,
  "features/api/pulldown/bottom_of_the_pipeline.feature": 366.88899970054626,
  "features/api/pulldown/custom_pooling.feature": 2.2840001583099365,
  "features/api/pulldown/stock_plate_state.feature": 125.65900039672852,
  "features/api/pulldown/submissions.feature": 155.75500011444092,
  "features/api/pulldown/tagging_a_plate.feature": 42.605000019073486,
  "features/api/pulldown/top_of_the_pipeline.feature": 124.09400010108948,
  "features/api/qc_files.feature": 6.726000070571899,
  "features/api/reference_genomes.feature": 1.2330002784729004,
  "features/api/request_types.feature": 11.962000131607056,
  "features/api/requests.feature": 22.323999881744385,
  "features/api/root.feature": 0.26599979400634766,
  "features/api/sample_manifests/mx_library_tubes.feature": 2.947000026702881,
  "features/api/sample_manifests/plates.feature": 41.05000019073486,
  "features/api/sample_manifests/sample_tubes.feature": 1.2820000648498535,
  "features/api/sample_manifests/updating_through_manifest.feature": 3.074000120162964,
  "features/api/sample_tubes.feature": 0.3819999694824219,
  "features/api/samples.feature": 0.505000114440918,
  "features/api/searches.feature": 0.1100001335144043,
  "features/api/searches/find_asset_by_barcode.feature": 1.3690001964569092,
  "features/api/searches/find_illumina_b_plates.feature": 106.74000000953674,
  "features/api/searches/find_illumina_b_tubes.feature": 13.092000007629395,
  "features/api/searches/find_lot_by_batch_id.feature": 9.776999950408936,
  "features/api/searches/find_lot_by_lot_number.feature": 0.2869999408721924,
  "features/api/searches/find_outstanding_illumina_b_pre_pcr.feature": 9.860999822616577,
  "features/api/searches/find_plates_for_user.feature": 19.91700005531311,
  "features/api/searches/find_project_study_sample_by_name.feature": 1.057999849319458,
  "features/api/searches/find_pulldown_plates.feature": 122.72199988365173,
  "features/api/searches/find_qcables_by_barcode.feature": 7.694999933242798,
  "features/api/searches/find_robots_by_barcode.feature": 0.3879997730255127,
  "features/api/searches/find_source_assets_by_destination_asset_barcode.feature": 0.8120002746582031,
  "features/api/searches/find_user_by_login.feature": 0.6139998435974121,
  "features/api/searches/find_user_by_swipcard_code.feature": 0.437000036239624,
  "features/api/sequencing_requests.feature": 0.7139999866485596,
  "features/api/state_changes.feature": 114.6470000743866,
  "features/api/studies.feature": 0.2539999485015869,
  "features/api/submission_pool.feature": 5.825000047683716,
  "features/api/suppliers.feature": 0.1269998550415039,
  "features/api/tag_layout_templates.feature": 180.89800000190735,
  "features/api/tag_layouts.feature": 110.2189998626709,
  "features/api/tag_qc/lot_types.feature": 0.5279998779296875,
  "features/api/tag_qc/lots.feature": 2.4170000553131104,
  "features/api/tag_qc/plate_conversion.feature": 4.381999969482422,
  "features/api/tag_qc/qc_decision.feature": 4.525000095367432,
  "features/api/tag_qc/qcable_order.feature": 11.227999925613403,
  "features/api/tag_qc/robots.feature": 0.1380000114440918,
  "features/api/tag_qc/stamps.feature": 4.042999982833862,
  "features/api/tag_qc/state_change.feature": 4.546999931335449,
  "features/api/transfer_templates.feature": 11.668999910354614,
  "features/api/transfers.feature": 2.551999807357788,
  "features/api/tube_creations.feature": 164.80800032615662,
  "features/api/uk10k/full_work_through.feature": 3.736999988555908,
  "features/api/uk10k/orders.feature": 36.71599984169006,
  "features/api/uk10k/submissions.feature": 9.035999774932861,
  "features/api/users.feature": 0.6859996318817139,